domain,uuid,result,visibility,first_scanned
101.immrtl-hlpr.shop,019edab7-b3c9-766f-b05f-e780a9772e4d,https://urlscan.io/result/019edab7-b3c9-766f-b05f-e780a9772e4d/,public,2026-06-18T12:28:03Z
arsenalroel.org,019edab7-bf3d-70d2-8400-627b1c7027df,https://urlscan.io/result/019edab7-bf3d-70d2-8400-627b1c7027df/,public,2026-06-18T12:28:03Z
dacajncritter.com,019edab7-cafd-72c1-8c9f-403a20cc3cc4,https://urlscan.io/result/019edab7-cafd-72c1-8c9f-403a20cc3cc4/,public,2026-06-18T12:28:03Z
donshriversvideodrain.com,019edab7-d6a8-778f-8f2d-76cb337c8c81,https://urlscan.io/result/019edab7-d6a8-778f-8f2d-76cb337c8c81/,public,2026-06-18T12:28:03Z
feaster.baln-cmoni.shop,019edab7-e2ce-759b-b2a6-5469c55fdd06,https://urlscan.io/result/019edab7-e2ce-759b-b2a6-5469c55fdd06/,public,2026-06-18T12:28:03Z
humancompostco.com,019edab7-ee7a-71a8-bd7e-dfb388d440bf,https://urlscan.io/result/019edab7-ee7a-71a8-bd7e-dfb388d440bf/,public,2026-06-18T12:28:03Z
make-it.short-conn.shop,019edab7-faf3-77aa-a44d-22adb88cdb3c,https://urlscan.io/result/019edab7-faf3-77aa-a44d-22adb88cdb3c/,public,2026-06-18T12:28:03Z
masterget.fed-send.xyz,019edab8-0675-77ed-b124-fe17c562bd71,https://urlscan.io/result/019edab8-0675-77ed-b124-fe17c562bd71/,public,2026-06-18T12:28:03Z
periyartigers.com,019edab8-12d3-710a-a02f-51feb44359c4,https://urlscan.io/result/019edab8-12d3-710a-a02f-51feb44359c4/,public,2026-06-18T12:28:03Z
reigartkistlerdds.com,019edab8-1ede-710f-a9fb-2a6336e8997e,https://urlscan.io/result/019edab8-1ede-710f-a9fb-2a6336e8997e/,public,2026-06-18T12:28:03Z
subito.cam,019edab8-2a1c-729b-ac3f-92e259cce62c,https://urlscan.io/result/019edab8-2a1c-729b-ac3f-92e259cce62c/,public,2026-06-18T12:28:03Z
tinyurl.com,019edab8-35f4-70c8-aaf3-0b7a4fc7e416,https://urlscan.io/result/019edab8-35f4-70c8-aaf3-0b7a4fc7e416/,public,2026-06-18T12:28:03Z
apps.reigartkistlerdds.com,019edae2-36c4-709d-8362-0b90817f0066,https://urlscan.io/result/019edae2-36c4-709d-8362-0b90817f0066/,public,2026-06-18T13:06:35Z
cpanel.periyartigers.com,019edae2-42c1-70c5-8db2-3a10430e5fb4,https://urlscan.io/result/019edae2-42c1-70c5-8db2-3a10430e5fb4/,public,2026-06-18T13:06:35Z
cpcalendars.periyartigers.com,019edae2-4dfa-775f-869f-f84d6f49c490,https://urlscan.io/result/019edae2-4dfa-775f-869f-f84d6f49c490/,public,2026-06-18T13:06:35Z
cpcontacts.periyartigers.com,019edae2-57e6-736b-b968-7078466c089c,https://urlscan.io/result/019edae2-57e6-736b-b968-7078466c089c/,public,2026-06-18T13:06:35Z
crm.reigartkistlerdds.com,019edae2-61e9-755c-a496-58c8d8f95cf2,https://urlscan.io/result/019edae2-61e9-755c-a496-58c8d8f95cf2/,public,2026-06-18T13:06:35Z
dev.reigartkistlerdds.com,019edae2-6dd8-722c-8866-1974427702b1,https://urlscan.io/result/019edae2-6dd8-722c-8866-1974427702b1/,public,2026-06-18T13:06:35Z
lime.reigartkistlerdds.com,019edae2-7942-760c-abd6-06651ab74cd4,https://urlscan.io/result/019edae2-7942-760c-abd6-06651ab74cd4/,public,2026-06-18T13:06:35Z
link.reigartkistlerdds.com,019edae2-84bb-7101-8327-9b695ecbb75e,https://urlscan.io/result/019edae2-84bb-7101-8327-9b695ecbb75e/,public,2026-06-18T13:06:35Z
login.reigartkistlerdds.com,019edae2-903c-734b-aec4-f1d4c9d4183b,https://urlscan.io/result/019edae2-903c-734b-aec4-f1d4c9d4183b/,public,2026-06-18T13:06:35Z
m.reigartkistlerdds.com,019edae2-9c1b-7379-94cb-a1ad15f8eb52,https://urlscan.io/result/019edae2-9c1b-7379-94cb-a1ad15f8eb52/,public,2026-06-18T13:06:35Z
mail.periyartigers.com,019edae2-a7ba-706a-8149-7f6f61e1aa19,https://urlscan.io/result/019edae2-a7ba-706a-8149-7f6f61e1aa19/,public,2026-06-18T13:06:35Z
mail.reigartkistlerdds.com,019edae2-b209-756a-b9f0-245e2c0170c6,https://urlscan.io/result/019edae2-b209-756a-b9f0-245e2c0170c6/,public,2026-06-18T13:06:35Z
old.reigartkistlerdds.com,019edae2-bd99-7731-bf24-f832c81e1149,https://urlscan.io/result/019edae2-bd99-7731-bf24-f832c81e1149/,public,2026-06-18T13:06:35Z
owa.reigartkistlerdds.com,019edae2-c9aa-77cd-b770-d1293c1cd2a1,https://urlscan.io/result/019edae2-c9aa-77cd-b770-d1293c1cd2a1/,public,2026-06-18T13:06:35Z
sitemap.reigartkistlerdds.com,019edae2-d4cf-777d-a4a4-837e26894861,https://urlscan.io/result/019edae2-d4cf-777d-a4a4-837e26894861/,public,2026-06-18T13:06:35Z
sitemaps.reigartkistlerdds.com,019edae2-e026-775d-a889-43d4a36999d5,https://urlscan.io/result/019edae2-e026-775d-a889-43d4a36999d5/,public,2026-06-18T13:06:35Z
webdisk.periyartigers.com,019edae2-eb97-75ae-9c91-25e3cddcf853,https://urlscan.io/result/019edae2-eb97-75ae-9c91-25e3cddcf853/,public,2026-06-18T13:06:35Z
webmail.periyartigers.com,019edae2-f75e-706b-ad7f-44bd988ba582,https://urlscan.io/result/019edae2-f75e-706b-ad7f-44bd988ba582/,public,2026-06-18T13:06:35Z
www.periyartigers.com,019edae3-046d-7429-8da5-0053e765ecc4,https://urlscan.io/result/019edae3-046d-7429-8da5-0053e765ecc4/,public,2026-06-18T13:06:35Z
www.reigartkistlerdds.com,019edae3-1060-7550-8528-a750c6b27abf,https://urlscan.io/result/019edae3-1060-7550-8528-a750c6b27abf/,public,2026-06-18T13:06:35Z
